original,encrypted
192.168.147.223,196.183.108.56
192.168.120.10,196.183.185.250
192.168.198.120,196.183.54.59
192.168.120.11,196.183.185.251
192.168.120.68,196.183.185.148
192.168.198.73,196.183.54.17
192.168.199.12,196.183.55.251
192.168.147.102,196.183.108.233
192.168.111.230,196.183.163.217
192.168.199.10,196.183.55.253
192.168.2.221,196.183.253.4
192.168.120.65,196.183.185.146
192.168.120.66,196.183.185.145
192.168.4.19,196.183.249.240
192.168.120.72,196.183.185.154
192.168.191.46,196.183.64.33
192.168.147.161,196.183.108.93
192.168.2.231,196.183.253.39
192.168.2.226,196.183.253.34
192.168.198.123,196.183.54.56
192.168.118.5,196.183.177.154
192.168.2.5,196.183.253.138
192.168.199.100,196.183.55.164
192.168.121.8,196.183.184.0
192.168.199.11,196.183.55.252
192.168.120.60,196.183.185.194
192.168.2.111,196.183.253.215
192.168.199.36,196.183.55.218
192.168.111.155,196.183.163.159
192.168.199.20,196.183.55.235
192.168.111.103,196.183.163.103
192.168.119.51,196.183.176.207
192.168.120.67,196.183.185.144
192.168.111.153,196.183.163.156
192.168.120.55,196.183.185.200
192.168.198.119,196.183.54.55
192.168.120.56,196.183.185.196
192.168.120.63,196.183.185.192
192.168.120.52,196.183.185.203
192.168.111.252,196.183.163.195
192.168.120.54,196.183.185.201
192.168.111.154,196.183.163.158
192.168.120.62,196.183.185.193
192.168.120.53,196.183.185.202
192.168.147.231,196.183.108.23
192.168.147.158,196.183.108.102
192.168.121.101,196.183.184.91
192.168.198.10,196.183.54.102
192.168.121.100,196.183.184.90
192.168.119.52,196.183.176.202
192.168.199.133,196.183.55.100
192.168.2.112,196.183.253.207
192.168.147.126,196.183.108.249
192.168.199.40,196.183.55.215
192.168.119.154,196.183.176.122
192.168.120.3,196.183.185.240
192.168.199.16,196.183.55.239
192.168.119.50,196.183.176.206
192.168.119.157,196.183.176.124
192.168.119.54,196.183.176.201
192.168.197.50,196.183.53.206
192.168.111.243,196.183.163.204
192.168.111.112,196.183.163.114
192.168.119.155,196.183.176.123
192.168.120.1,196.183.185.242
192.168.199.34,196.183.55.222
192.168.111.113,196.183.163.115
192.168.121.53,196.183.184.52
192.168.147.170,196.183.108.86
192.168.111.160,196.183.163.175
192.168.119.151,196.183.176.119
192.168.118.10,196.183.177.146
192.168.199.35,196.183.55.223
192.168.199.15,196.183.55.248
192.168.198.50,196.183.54.78
192.168.120.58,196.183.185.198
192.168.119.156,196.183.176.125
192.168.111.110,196.183.163.105
192.168.111.111,196.183.163.104
192.168.121.37,196.183.184.36
192.168.4.16,196.183.249.243
192.168.198.155,196.183.54.131
192.168.121.59,196.183.184.56
192.168.111.10,196.183.163.17
192.168.199.32,196.183.55.221
192.168.198.47,196.183.54.88
192.168.111.3,196.183.163.28
192.168.2.4,196.183.253.139
192.168.121.18,196.183.184.17
192.168.198.156,196.183.54.133
192.168.121.56,196.183.184.59
192.168.120.41,196.183.185.219
192.168.3.18,196.183.252.241
192.168.121.68,196.183.184.117
192.168.121.2,196.183.184.14
192.168.120.33,196.183.185.210
192.168.147.139,196.183.108.112
192.168.120.25,196.183.185.231
192.168.120.71,196.183.185.151
192.168.253.1,196.183.0.14
192.168.217.1,196.183.39.254
192.168.140.3,196.183.115.243
192.168.6.36,196.183.250.42
192.168.198.115,196.183.54.51
192.168.6.1,196.183.250.12
192.168.4.1,196.183.249.236
192.168.7.11,196.183.251.103
192.168.118.11,196.183.177.147
192.168.147.125,196.183.108.250
192.168.237.9,196.183.19.142
192.168.3.61,196.183.252.195
192.168.121.15,196.183.184.7
192.168.6.11,196.183.250.4
192.168.6.39,196.183.250.40
192.168.200.61,196.183.56.68
192.168.121.31,196.183.184.24
192.168.140.110,196.183.115.169
192.168.121.50,196.183.184.50
192.168.121.6,196.183.184.9
192.168.121.10,196.183.184.2
192.168.3.60,196.183.252.194
192.168.6.15,196.183.250.0
192.168.4.18,196.183.249.241
192.168.6.16,196.183.250.19
192.168.121.3,196.183.184.15
192.168.6.22,196.183.250.22
192.168.121.11,196.183.184.3
192.168.121.13,196.183.184.5
192.168.6.25,196.183.250.27
192.168.140.104,196.183.115.173
192.168.140.108,196.183.115.171
192.168.6.38,196.183.250.41
192.168.121.21,196.183.184.20
192.168.121.28,196.183.184.27
192.168.121.22,196.183.184.22
192.168.121.24,196.183.184.29
192.168.121.43,196.183.184.44
192.168.121.26,196.183.184.30
192.168.121.27,196.183.184.31
192.168.121.62,196.183.184.62
192.168.121.29,196.183.184.26
192.168.6.18,196.183.250.17
192.168.121.5,196.183.184.11
192.168.121.25,196.183.184.28
192.168.121.48,196.183.184.48
192.168.121.16,196.183.184.19
192.168.121.30,196.183.184.25
192.168.197.51,196.183.53.207
192.168.1.252,196.183.255.252
192.168.121.4,196.183.184.10
192.168.121.77,196.183.184.122
192.168.121.14,196.183.184.6
192.168.6.37,196.183.250.43
192.168.4.13,196.183.249.227
192.168.2.220,196.183.253.5
192.168.197.52,196.183.53.203
192.168.121.76,196.183.184.123
192.168.121.19,196.183.184.16
192.168.121.23,196.183.184.23
192.168.121.34,196.183.184.34
192.168.121.20,196.183.184.21
192.168.121.32,196.183.184.32
192.168.121.39,196.183.184.39
192.168.121.36,196.183.184.37
192.168.197.53,196.183.53.202
192.168.121.17,196.183.184.18
192.168.197.54,196.183.53.201
192.168.121.58,196.183.184.57
192.168.6.20,196.183.250.20
192.168.121.33,196.183.184.33
192.168.4.10,196.183.249.229
192.168.4.14,196.183.249.225
192.168.4.15,196.183.249.224
192.168.121.40,196.183.184.47
192.168.9.7,196.183.246.24
192.168.121.80,196.183.184.110
192.168.121.41,196.183.184.46
192.168.121.38,196.183.184.38
192.168.121.44,196.183.184.42
192.168.121.45,196.183.184.43
192.168.140.102,196.183.115.166
192.168.9.73,196.183.246.72
192.168.6.32,196.183.250.46
192.168.6.30,196.183.250.30
192.168.6.33,196.183.250.47
192.168.140.101,196.183.115.165
192.168.85.1,196.183.151.108
192.168.121.42,196.183.184.45
192.168.198.121,196.183.54.58
192.168.198.122,196.183.54.57
192.168.6.19,196.183.250.16
192.168.9.94,196.183.246.94
192.168.6.21,196.183.250.21
192.168.6.23,196.183.250.23
192.168.9.18,196.183.246.14
192.168.6.14,196.183.250.1
192.168.6.10,196.183.250.5
192.168.6.28,196.183.250.29
192.168.6.27,196.183.250.24
192.168.6.24,196.183.250.26
192.168.121.54,196.183.184.54
192.168.121.46,196.183.184.41
192.168.2.40,196.183.253.167
192.168.2.26,196.183.253.157
192.168.2.39,196.183.253.168
192.168.9.31,196.183.246.7
192.168.121.47,196.183.184.40
192.168.197.55,196.183.53.200
192.168.111.150,196.183.163.150
192.168.6.31,196.183.250.31
192.168.6.34,196.183.250.45
192.168.6.35,196.183.250.44
192.168.121.35,196.183.184.35
192.168.1.235,196.183.255.227
10.252.2.5,53.30.5.234
192.168.224.1,196.183.30.99
192.168.8.1,196.183.247.254
192.168.2.1,196.183.253.140
192.168.6.17,196.183.250.18
192.168.9.42,196.183.246.41
192.168.9.19,196.183.246.15
192.168.6.40,196.183.250.32
192.168.6.41,196.183.250.33
192.168.237.10,196.183.19.141
192.168.6.45,196.183.250.37
192.168.6.46,196.183.250.38
192.168.6.47,196.183.250.39
192.168.6.42,196.183.250.34
192.168.6.44,196.183.250.36
192.168.6.43,196.183.250.35
192.168.199.37,196.183.55.219
192.168.120.32,196.183.185.211
46.37.10.149,14.121.245.116
172.19.245.85,178.92.209.148
192.168.121.71,196.183.184.119
192.168.6.26,196.183.250.25
192.168.86.1,196.183.149.242
192.168.238.1,196.183.17.225
192.168.140.107,196.183.115.175
192.168.6.13,196.183.250.3
192.168.121.49,196.183.184.49
192.168.121.57,196.183.184.58
192.168.121.55,196.183.184.55
192.168.121.60,196.183.184.61
192.168.121.61,196.183.184.60
192.168.121.51,196.183.184.51
192.168.121.64,196.183.184.112
192.168.121.65,196.183.184.113
192.168.121.52,196.183.184.53
192.168.121.66,196.183.184.114
192.168.121.69,196.183.184.116
10.11.250.130,53.244.165.114
172.18.208.1,178.93.47.243
10.252.2.4,53.30.5.235
192.168.1.51,196.183.255.51
10.252.2.3,53.30.5.236
172.16.201.10,178.94.134.26
10.252.2.2,53.30.5.237
192.168.6.12,196.183.250.2
192.168.121.250,196.183.184.197
192.168.111.102,196.183.163.102
10.252.2.18,53.30.5.242
172.28.144.1,178.80.233.147
192.168.197.56,196.183.53.194
192.168.197.57,196.183.53.195
192.168.121.63,196.183.184.63
192.168.121.150,196.183.184.150
192.168.4.11,196.183.249.228
192.168.9.5,196.183.246.26
192.168.6.29,196.183.250.28
192.168.147.32,196.183.108.161
192.168.1.6,196.183.255.25
169.254.73.105,183.6.121.82
172.16.201.27,178.94.134.4
